"Col","Col_1","Col_2"
"Pre-production_10",,"A group for pre-production scenario 10"
"Pre-production_11",,"A group for pre-production scenario 11"
"Pre-production_12",,"A group for pre-production scenario 12"
"Pre-production_13",,"A group for pre-production scenario 13"
"Pre-production_14",,"A group for pre-production scenario 14"
"Pre-production_15",,"A group for pre-production scenario 15"
"Pre-production_16",,"A group for pre-production scenario 16"
"Pre-production_17",,"A group for pre-production scenario 17"
"Pre-production_18",,"A group for pre-production scenario 18"
"Pre-production_19",,"A group for pre-production scenario 19"
"Pre-production_20",,"A group for pre-production scenario 20"
"Pre-production_21",,"A group for pre-production scenario 21"
"Pre-production_22",,"A group for pre-production scenario 22"
"Pre-production_23",,"A group for pre-production scenario 23"
"Pre-production_24",,"A group for pre-production scenario 24"
"Pre-production_25",,"A group for pre-production scenario 25"
"Pre-production_26",,"A group for pre-production scenario 26"
"Pre-production_27",,"A group for pre-production scenario 27"
"Pre-production_28",,"A group for pre-production scenario 28"
"Pre-production_29",,"A group for pre-production scenario 29"
"Pre-production_30",,"A group for pre-production scenario 30"
"Pre-production_31",,"A group for pre-production scenario 31"
"Pre-production_32",,"A group for pre-production scenario 32"
"Pre-production_33",,"A group for pre-production scenario 33"
"Pre-production_34",,"A group for pre-production scenario 34"
"Pre-production_35",,"A group for pre-production scenario 35"
"Pre-production_36",,"A group for pre-production scenario 36"
"Pre-production_37",,"A group for pre-production scenario 37"
"Pre-production_38",,"A group for pre-production scenario 38"
"Pre-production_39",,"A group for pre-production scenario 39"
"Pre-production_40",,"A group for pre-production scenario 40"
"Pre-production_41",,"A group for pre-production scenario 41"
"Pre-production_42",,"A group for pre-production scenario 42"
"Pre-production_43",,"A group for pre-production scenario 43"
"Pre-production_44",,"A group for pre-production scenario 44"
"Pre-production_45",,"A group for pre-production scenario 45"
"Pre-production_46",,"A group for pre-production scenario 46"
"Pre-production_47",,"A group for pre-production scenario 47"
"Pre-production_48",,"A group for pre-production scenario 48"
"Pre-production_49",,"A group for pre-production scenario 49"
"Pre-production_50",,"A group for pre-production scenario 50"
"Pre-production_51",,"A group for pre-production scenario 51"
"Pre-production_52",,"A group for pre-production scenario 52"
"Pre-production_53",,"A group for pre-production scenario 53"
"Pre-production_54",,"A group for pre-production scenario 54"
"Pre-production_55",,"A group for pre-production scenario 55"
"Pre-production_56",,"A group for pre-production scenario 56"
"Pre-production_57",,"A group for pre-production scenario 57"
"Pre-production_58",,"A group for pre-production scenario 58"
"Pre-production_59",,"A group for pre-production scenario 59"
"Pre-production_60",,"A group for pre-production scenario 60"
"Pre-production_61",,"A group for pre-production scenario 61"
"Pre-production_62",,"A group for pre-production scenario 62"
"Pre-production_63",,"A group for pre-production scenario 63"
"Pre-production_64",,"A group for pre-production scenario 64"
"Pre-production_65",,"A group for pre-production scenario 65"
"Pre-production_66",,"A group for pre-production scenario 66"
"Pre-production_67",,"A group for pre-production scenario 67"
"Pre-production_68",,"A group for pre-production scenario 68"
"Pre-production_69",,"A group for pre-production scenario 69"
"Pre-production_70",,"A group for pre-production scenario 70"
"Pre-production_71",,"A group for pre-production scenario 71"
"Pre-production_72",,"A group for pre-production scenario 72"
"Pre-production_73",,"A group for pre-production scenario 73"
"Pre-production_74",,"A group for pre-production scenario 74"
"Pre-production_75",,"A group for pre-production scenario 75"
"Pre-production_76",,"A group for pre-production scenario 76"
"Pre-production_77",,"A group for pre-production scenario 77"
"Pre-production_78",,"A group for pre-production scenario 78"
"Pre-production_79",,"A group for pre-production scenario 79"
"Pre-production_80",,"A group for pre-production scenario 80"
"Pre-production_81",,"A group for pre-production scenario 81"
"Pre-production_82",,"A group for pre-production scenario 82"
"Pre-production_83",,"A group for pre-production scenario 83"
"Pre-production_84",,"A group for pre-production scenario 84"
"Pre-production_85",,"A group for pre-production scenario 85"
"Pre-production_86",,"A group for pre-production scenario 86"
"Pre-production_87",,"A group for pre-production scenario 87"
"Pre-production_88",,"A group for pre-production scenario 88"
"Pre-production_89",,"A group for pre-production scenario 89"
"Pre-production_90",,"A group for pre-production scenario 90"
"Pre-production_91",,"A group for pre-production scenario 91"
"Pre-production_92",,"A group for pre-production scenario 92"
"Pre-production_93",,"A group for pre-production scenario 93"
"Pre-production_94",,"A group for pre-production scenario 94"
"Pre-production_95",,"A group for pre-production scenario 95"
"Pre-production_96",,"A group for pre-production scenario 96"
"Pre-production_97",,"A group for pre-production scenario 97"
"Pre-production_98",,"A group for pre-production scenario 98"
"Pre-production_99",,"A group for pre-production scenario 99"
"Pre-production_100",,"A group for pre-production scenario 100"
"Pre-production_101",,"A group for pre-production scenario 101"
"Pre-production_102",,"A group for pre-production scenario 102"
"Pre-production_103",,"A group for pre-production scenario 103"
"Pre-production_104",,"A group for pre-production scenario 104"
"Pre-production_105",,"A group for pre-production scenario 105"
"Pre-production_106",,"A group for pre-production scenario 106"
"Pre-production_107",,"A group for pre-production scenario 107"
"Pre-production_108",,"A group for pre-production scenario 108"
"Pre-production_109",,"A group for pre-production scenario 109"